cancer,k,lambda_c,lambda_p,lr,acc_test,f1_test,rec_test
BRCA,5,0.1,0.0001,0.005,0.16182048040455121,0.11439679817038308,6.219075642535784
COAD,5,0.1,0.0001,0.005,0.3724137931034483,0.13705583756345177,3.808195903031265
UCEC,5,0.1,0.0001,0.005,0.2662192393736018,0.12173544073575,4.450676406635697
PRAD,5,0.1,0.0001,0.005,0.3292929292929293,0.17372222566087928,5.548711029989531
STAD,5,0.1,0.0001,0.005,0.27790432801822323,0.11919288974297382,4.557375637539564
