cancer,k,lambda_c,lambda_p,lr,acc_test,f1_test,rec_test
BRCA,5,0.1,0.0001,0.005,0.16182048040455121,0.13746537679057133,6.1342532593431995
COAD,5,0.1,0.0001,0.005,0.28620689655172415,0.1133879781420765,3.762406670012448
UCEC,5,0.1,0.0001,0.005,0.3825503355704698,0.1876075595721892,4.376041177744186
PRAD,5,0.1,0.0001,0.005,0.17575757575757575,0.11414048244364988,5.493364823178034
STAD,5,0.1,0.0001,0.005,0.34851936218678814,0.16172043010752687,4.498600054576343
